id,country,segment,signup_date
1,USA,consumer,2022-06-06
2,Brazil,consumer,2021-08-02
3,Sweden,mid-market,2022-05-06
4,,consumer,2022-07-13
5,Spain,consumer,2023-01-15
6,Japan,consumer,2023-12-09
7,Spain,enterprise,2023-10-17
8,Sweden,smb,2021-12-02
9,Italy,smb,2024-08-22
10,USA,enterprise,2024-07-31
11,Brazil,mid-market,2023-04-29
12,,smb,2021-10-21
13,Canada,consumer,2022-04-12
14,Netherlands,mid-market,2022-07-19
15,Spain,consumer,2022-10-09
16,Italy,smb,2024-06-23
17,,consumer,2023-08-03
18,UK,smb,2024-08-08
19,UK,smb,2021-11-14
20,,consumer,2021-11-25
21,,consumer,2023-11-19
22,Japan,smb,2023-09-29
23,France,smb,2023-08-24
24,Japan,consumer,2021-05-05
25,Spain,consumer,2022-12-15
26,Brazil,enterprise,2021-11-08
27,France,smb,2023-02-12
28,Spain,smb,2022-02-10
29,Japan,consumer,2022-10-18
30,UK,smb,2023-10-20
31,France,smb,2021-05-24
32,Brazil,consumer,2022-01-25
33,France,smb,2021-10-29
34,UK,mid-market,2021-02-08
35,Italy,mid-market,2023-12-03
36,Brazil,enterprise,2024-07-21
37,Netherlands,enterprise,2022-07-31
38,Sweden,smb,2023-08-11
39,Australia,consumer,2023-03-03
40,USA,consumer,2023-12-24
41,Spain,enterprise,2023-04-27
42,USA,smb,2023-05-04
43,USA,mid-market,2023-07-06
44,Germany,consumer,2021-12-07
45,Netherlands,mid-market,2022-07-15
46,Australia,consumer,2023-01-05
47,Japan,mid-market,2024-06-20
48,Netherlands,consumer,2022-08-17
49,Japan,smb,2024-03-20
50,Germany,consumer,2023-08-29
51,Australia,mid-market,2023-04-03
52,Australia,consumer,2024-05-09
53,France,smb,2023-05-10
54,Italy,consumer,2023-11-06
55,Japan,consumer,2021-07-02
56,Italy,consumer,2021-06-18
57,Australia,mid-market,2024-11-26
58,Canada,mid-market,2022-07-01
59,Italy,mid-market,2022-05-06
60,USA,mid-market,2023-05-27
61,Spain,smb,2023-01-13
62,Germany,consumer,2021-09-28
63,Italy,consumer,2023-05-27
64,Netherlands,smb,2024-08-30
65,Italy,consumer,2023-06-04
66,Germany,consumer,2023-11-25
67,UK,consumer,2023-05-20
68,Sweden,mid-market,2023-12-30
69,USA,smb,2024-04-26
70,Germany,consumer,2020-12-15
71,Australia,mid-market,2024-05-27
72,France,smb,2022-01-30
73,Spain,consumer,2022-01-13
74,Germany,consumer,2022-06-08
75,France,consumer,2021-04-03
76,Italy,consumer,2024-11-25
77,Brazil,mid-market,2023-09-16
78,Germany,mid-market,2024-03-07
79,USA,smb,2022-08-07
80,France,smb,2022-05-13
81,Netherlands,smb,2021-04-23
82,Australia,consumer,2023-05-24
83,Germany,smb,2023-12-22
84,UK,consumer,2021-03-15
85,Spain,mid-market,2022-03-19
86,Spain,mid-market,2021-11-04
87,Germany,mid-market,2023-02-17
88,USA,mid-market,2023-02-14
89,Brazil,consumer,2023-05-11
90,Spain,smb,2021-11-27
91,Spain,mid-market,2024-01-28
92,,consumer,2020-12-30
93,Canada,smb,2024-03-19
94,Netherlands,enterprise,2023-01-25
95,Italy,mid-market,2023-08-28
96,Germany,mid-market,2022-05-03
97,Japan,consumer,2022-03-08
98,Australia,mid-market,2021-03-23
99,USA,enterprise,2021-09-29
100,Canada,enterprise,2023-12-03
101,Sweden,smb,2024-02-03
102,France,enterprise,2021-05-09
103,Japan,consumer,2022-12-16
104,France,mid-market,2024-07-12
105,USA,consumer,2021-08-08
106,France,smb,2022-04-24
107,Italy,smb,2024-10-26
108,Netherlands,enterprise,2021-10-09
109,Spain,consumer,2022-06-24
110,France,consumer,2022-06-13
111,Germany,enterprise,2021-06-10
112,Australia,mid-market,2022-12-05
113,Canada,consumer,2023-01-24
114,Japan,smb,2022-06-09
115,France,mid-market,2024-02-16
116,Japan,mid-market,2024-04-24
117,Sweden,consumer,2021-07-11
118,Brazil,consumer,2024-01-21
119,France,smb,2022-11-22
120,Canada,consumer,2023-11-02
121,Italy,smb,2023-12-30
122,USA,mid-market,2022-07-08
123,,smb,2021-09-10
124,Spain,smb,2023-02-22
125,USA,mid-market,2024-05-13
126,UK,enterprise,2023-12-09
127,Italy,smb,2024-04-05
128,,consumer,2021-05-15
129,,enterprise,2023-08-21
130,Brazil,smb,2023-06-02
131,Australia,consumer,2024-08-20
132,,consumer,2023-02-16
133,,consumer,2021-03-30
134,Germany,consumer,2023-04-10
135,Japan,consumer,2022-04-20
136,Canada,enterprise,2024-03-10
137,UK,smb,2024-05-06
138,Italy,consumer,2021-12-23
139,Brazil,mid-market,2024-08-28
140,Italy,enterprise,2023-02-12
141,UK,mid-market,2023-08-25
142,Canada,smb,2024-11-09
143,Canada,smb,2022-10-14
144,Spain,mid-market,2021-01-15
145,Japan,consumer,2024-08-23
146,Spain,consumer,2021-08-21
147,Japan,mid-market,2022-10-02
148,Netherlands,consumer,2022-01-04
149,,enterprise,2024-07-14
150,France,consumer,2021-06-04
151,Netherlands,consumer,2024-11-16
152,UK,enterprise,2021-04-09
153,Germany,consumer,2022-04-11
154,Germany,consumer,2023-07-25
155,Canada,consumer,2024-11-22
156,France,consumer,2022-06-18
157,Japan,smb,2024-07-27
158,Australia,enterprise,2022-06-22
159,USA,consumer,2021-10-23
160,Netherlands,consumer,2023-11-06
161,Brazil,consumer,2023-12-18
162,Spain,smb,2024-01-11
163,Sweden,smb,2024-01-07
164,Spain,mid-market,2024-06-18
165,Italy,consumer,2023-12-01
166,Italy,enterprise,2022-04-08
167,Japan,consumer,2023-09-15
168,Netherlands,consumer,2021-10-12
169,Spain,smb,2021-08-16
170,Canada,smb,2021-11-10
171,Japan,mid-market,2022-10-01
172,Canada,consumer,2023-08-26
173,Sweden,consumer,2021-03-07
174,Spain,smb,2024-02-05
175,Japan,mid-market,2023-01-20
176,UK,mid-market,2023-02-05
177,UK,smb,2021-12-02
178,Italy,consumer,2022-09-21
179,Canada,consumer,2021-09-14
180,Brazil,mid-market,2021-03-22
181,Spain,consumer,2023-05-08
182,Italy,smb,2021-05-27
183,UK,consumer,2024-03-28
184,Netherlands,mid-market,2021-03-27
185,Spain,consumer,2024-03-16
186,,consumer,2021-07-02
187,Spain,mid-market,2023-05-09
188,UK,consumer,2021-01-15
189,Canada,consumer,2024-05-27
190,Spain,mid-market,2023-01-18
191,USA,enterprise,2021-04-17
192,Spain,consumer,2024-09-24
193,Brazil,mid-market,2023-11-09
194,France,enterprise,2024-08-02
195,UK,smb,2023-08-18
196,,consumer,2023-05-09
197,Brazil,mid-market,2022-06-07
198,Sweden,mid-market,2023-11-20
199,Canada,consumer,2024-04-13
200,Spain,smb,2024-03-28
201,Australia,consumer,2021-02-22
202,Germany,smb,2021-01-31
203,Japan,consumer,2024-01-12
204,Brazil,consumer,2024-02-19
205,Japan,enterprise,2024-09-14
206,Japan,consumer,2021-01-22
207,Brazil,smb,2022-01-29
208,UK,mid-market,2021-11-10
209,Brazil,mid-market,2023-10-02
210,Japan,consumer,2022-05-05
211,Canada,enterprise,2024-09-06
212,Canada,mid-market,2022-03-15
213,Germany,mid-market,2022-08-03
214,Netherlands,smb,2023-08-03
215,,smb,2022-01-23
216,,smb,2022-04-27
217,Canada,mid-market,2023-02-26
218,USA,enterprise,2024-03-03
219,Netherlands,consumer,2024-10-29
220,Canada,smb,2021-02-23
221,Australia,consumer,2023-10-16
222,Spain,enterprise,2023-09-16
223,France,enterprise,2022-03-07
224,Canada,mid-market,2023-11-23
225,Canada,smb,2023-05-30
226,Brazil,smb,2022-01-22
227,Canada,consumer,2022-07-11
228,USA,smb,2022-04-13
229,Netherlands,smb,2024-11-26
230,USA,smb,2023-02-08
231,Canada,enterprise,2023-01-04
232,Sweden,smb,2022-05-18
233,Australia,smb,2024-04-24
234,Brazil,smb,2024-04-12
235,USA,enterprise,2021-11-08
236,USA,consumer,2022-03-19
237,Spain,consumer,2021-08-28
238,Sweden,enterprise,2023-11-01
239,France,consumer,2020-11-27
240,Australia,consumer,2023-10-28
241,Germany,mid-market,2022-04-21
242,Italy,consumer,2024-04-08
243,Germany,consumer,2021-03-23
244,Italy,consumer,2023-08-02
245,Italy,consumer,2021-09-10
246,USA,enterprise,2023-08-04
247,Brazil,smb,2021-09-27
248,Japan,smb,2023-02-04
249,Canada,mid-market,2024-09-02
250,UK,mid-market,2024-02-27
251,Australia,consumer,2022-03-04
252,Australia,enterprise,2024-02-23
253,Canada,smb,2023-10-25
254,Spain,consumer,2022-09-28
255,Australia,mid-market,2023-11-27
256,Brazil,smb,2024-05-27
257,USA,consumer,2022-05-30
258,UK,smb,2022-02-24
259,,mid-market,2021-12-21
260,France,enterprise,2021-02-14
261,Italy,consumer,2024-06-02
262,Japan,mid-market,2023-03-16
263,France,smb,2023-12-25
264,Italy,enterprise,2021-04-18
265,Germany,smb,2022-10-01
266,Brazil,consumer,2024-07-11
267,Germany,smb,2022-02-19
268,Canada,consumer,2024-09-30
269,USA,mid-market,2023-10-26
270,Canada,smb,2022-01-07
271,Japan,consumer,2022-11-20
272,Australia,smb,2021-11-10
273,Australia,mid-market,2022-08-16
274,Germany,consumer,2021-07-12
275,Canada,smb,2022-08-29
276,Netherlands,smb,2024-09-10
277,Canada,consumer,2024-08-20
278,Australia,mid-market,2021-10-17
279,Brazil,mid-market,2024-10-07
280,Spain,enterprise,2023-05-29
281,France,smb,2024-11-09
282,France,mid-market,2023-09-14
283,Spain,consumer,2022-07-12
284,Japan,mid-market,2024-03-23
285,Brazil,consumer,2023-01-17
286,Italy,mid-market,2020-11-29
287,Germany,smb,2024-08-21
288,Brazil,smb,2024-08-31
289,Netherlands,consumer,2023-10-31
290,Canada,smb,2021-08-05
291,Sweden,smb,2023-04-16
292,,consumer,2022-05-07
293,Australia,smb,2024-10-14
294,Italy,mid-market,2021-12-18
295,Canada,consumer,2024-08-25
296,Spain,smb,2022-01-21
297,France,enterprise,2024-04-29
298,,smb,2021-06-20
299,France,mid-market,2023-09-24
300,France,mid-market,2024-03-07
301,Australia,consumer,2023-07-27
302,,mid-market,2024-12-01
303,Germany,consumer,2024-04-04
304,Australia,consumer,2022-07-07
305,USA,consumer,2023-09-17
306,UK,consumer,2023-07-01
307,Sweden,consumer,2021-09-03
308,UK,consumer,2024-06-04
309,Sweden,smb,2023-05-01
310,Australia,mid-market,2024-03-04
311,USA,smb,2022-12-24
312,USA,smb,2023-08-03
313,Canada,mid-market,2024-09-26
314,Brazil,consumer,2024-08-21
315,,enterprise,2021-06-29
316,Italy,consumer,2024-09-10
317,Italy,mid-market,2021-10-09
318,Sweden,enterprise,2021-03-27
319,,enterprise,2023-01-18
320,France,mid-market,2023-09-01
321,Netherlands,mid-market,2021-10-18
322,Sweden,enterprise,2020-12-20
323,France,mid-market,2024-06-08
324,Spain,mid-market,2021-01-15
325,Japan,smb,2021-02-14
326,Netherlands,smb,2024-05-07
327,,mid-market,2024-09-13
328,USA,mid-market,2022-01-17
329,Brazil,enterprise,2024-08-10
330,Italy,enterprise,2022-07-03
331,Canada,mid-market,2024-08-29
332,Brazil,consumer,2022-02-21
333,Canada,consumer,2023-12-28
334,Germany,consumer,2024-07-14
335,Italy,smb,2024-08-27
336,France,smb,2024-02-29
337,Brazil,mid-market,2022-09-30
338,Germany,consumer,2024-08-12
339,Italy,consumer,2021-09-10
340,Spain,consumer,2022-06-28
341,Germany,consumer,2023-09-22
342,France,smb,2020-12-13
343,Brazil,consumer,2022-04-09
344,Canada,consumer,2022-03-21
345,Germany,mid-market,2024-03-22
346,Spain,consumer,2022-01-23
347,Germany,enterprise,2022-09-02
348,Japan,consumer,2020-12-16
349,Spain,consumer,2022-12-31
350,Canada,enterprise,2022-03-12
351,Germany,consumer,2023-07-20
352,USA,enterprise,2024-10-04
353,Brazil,consumer,2024-05-28
354,Netherlands,consumer,2021-06-07
355,Canada,consumer,2021-12-13
356,Australia,consumer,2023-06-15
357,,enterprise,2022-02-11
358,,mid-market,2024-11-26
359,Spain,smb,2024-10-09
360,Italy,enterprise,2022-11-18
361,France,smb,2022-05-29
362,Italy,mid-market,2021-02-24
363,Spain,smb,2021-11-12
364,USA,smb,2023-11-20
365,Germany,consumer,2021-08-22
366,Brazil,mid-market,2022-12-11
367,Spain,consumer,2021-08-06
368,Canada,smb,2024-03-22
369,Italy,mid-market,2024-10-25
370,Canada,smb,2024-09-09
371,Netherlands,smb,2020-12-07
372,USA,mid-market,2024-08-06
373,Germany,smb,2021-02-21
374,Sweden,mid-market,2021-12-30
375,Brazil,smb,2024-05-02
376,UK,smb,2021-06-11
377,Brazil,smb,2024-05-05
378,Australia,consumer,2024-05-06
379,Spain,mid-market,2022-08-09
380,USA,consumer,2023-10-06
381,UK,consumer,2023-10-02
382,Canada,consumer,2024-02-20
383,Japan,consumer,2022-06-23
384,Australia,mid-market,2024-10-24
385,Australia,smb,2023-12-08
386,France,mid-market,2022-09-11
387,UK,consumer,2022-12-18
388,USA,smb,2022-02-08
389,USA,mid-market,2024-01-20
390,Australia,consumer,2022-04-25
391,Canada,enterprise,2021-11-11
392,France,smb,2023-05-12
393,Sweden,consumer,2023-11-21
394,Brazil,enterprise,2022-09-09
395,USA,smb,2022-08-05
396,Australia,consumer,2024-07-17
397,Australia,enterprise,2022-08-25
398,Brazil,smb,2024-04-20
399,Sweden,mid-market,2022-08-19
400,Spain,consumer,2021-03-04
401,Japan,enterprise,2022-10-05
402,Italy,consumer,2021-11-09
403,Canada,consumer,2023-09-04
404,USA,mid-market,2021-03-17
405,Germany,mid-market,2021-08-26
406,,smb,2021-03-26
407,UK,consumer,2021-12-08
408,UK,smb,2022-04-23
409,Japan,mid-market,2022-10-23
410,Germany,enterprise,2021-03-09
411,Brazil,consumer,2021-07-05
412,UK,smb,2023-03-31
413,Germany,consumer,2024-07-30
414,Canada,smb,2024-11-27
415,Germany,consumer,2023-12-25
416,France,enterprise,2024-09-02
417,Sweden,enterprise,2024-01-27
418,Australia,consumer,2024-06-25
419,France,consumer,2020-12-21
420,Sweden,mid-market,2024-07-15
421,Brazil,smb,2022-05-26
422,Japan,smb,2023-07-04
423,France,smb,2024-03-21
424,Canada,mid-market,2022-02-06
425,Netherlands,consumer,2021-01-06
426,Australia,mid-market,2021-09-27
427,Spain,consumer,2020-12-30
428,Canada,enterprise,2022-07-19
429,Netherlands,enterprise,2022-03-18
430,France,consumer,2024-05-01
431,Canada,mid-market,2021-06-28
432,Japan,consumer,2021-11-29
433,UK,enterprise,2023-11-25
434,Brazil,consumer,2023-06-30
435,Spain,consumer,2022-06-18
436,Brazil,consumer,2024-11-13
437,Canada,mid-market,2021-08-18
438,Australia,mid-market,2023-10-17
439,Germany,smb,2024-08-14
440,,smb,2023-08-05
441,Italy,mid-market,2021-07-23
442,Sweden,enterprise,2023-10-26
443,Japan,smb,2022-10-02
444,Italy,mid-market,2021-08-27
445,Italy,smb,2024-10-14
446,Italy,mid-market,2021-11-11
447,Australia,mid-market,2023-10-05
448,Spain,consumer,2022-02-14
449,UK,smb,2024-03-01
450,Spain,smb,2024-05-12
451,Germany,smb,2021-10-01
452,Spain,consumer,2021-09-02
453,France,smb,2020-12-21
454,France,smb,2022-03-13
455,Sweden,consumer,2023-01-18
456,USA,smb,2024-02-20
457,Brazil,consumer,2023-09-26
458,Japan,consumer,2022-04-25
459,Sweden,enterprise,2023-07-13
460,Italy,smb,2022-12-23
461,Germany,consumer,2024-03-30
462,Canada,consumer,2023-02-26
463,Australia,smb,2023-12-19
464,Netherlands,enterprise,2024-06-21
465,France,smb,2024-05-23
466,USA,mid-market,2022-11-02
467,UK,consumer,2023-06-13
468,France,smb,2024-07-09
469,Australia,consumer,2022-11-07
470,Germany,consumer,2024-04-05
471,UK,consumer,2024-11-10
472,Canada,consumer,2024-05-22
473,Japan,consumer,2023-02-12
474,Germany,consumer,2021-01-30
475,Spain,consumer,2023-12-13
476,Brazil,enterprise,2023-10-11
477,Netherlands,smb,2023-12-12
478,Canada,mid-market,2023-06-29
479,Australia,consumer,2022-01-13
480,Canada,consumer,2023-08-17
481,USA,smb,2022-04-11
482,Germany,mid-market,2021-04-22
483,Brazil,mid-market,2021-02-11
484,USA,consumer,2022-08-28
485,,mid-market,2022-01-19
486,France,enterprise,2021-03-22
487,Canada,consumer,2021-10-03
488,USA,consumer,2023-09-19
489,,mid-market,2024-05-22
490,Germany,mid-market,2024-06-17
491,France,consumer,2021-05-16
492,Brazil,consumer,2022-09-07
493,Spain,consumer,2023-09-24
494,Australia,mid-market,2023-07-14
495,UK,mid-market,2023-10-15
496,Brazil,enterprise,2021-09-11
497,Netherlands,consumer,2022-06-16
498,Netherlands,enterprise,2021-05-20
499,Japan,enterprise,2023-09-16
500,,consumer,2023-01-08
501,Brazil,consumer,2024-06-07
502,Japan,consumer,2021-01-05
503,Australia,smb,2022-11-11
504,Netherlands,smb,2022-09-12
505,Netherlands,smb,2023-04-04
506,Australia,mid-market,2023-10-31
507,Netherlands,smb,2021-02-07
508,Canada,smb,2022-12-15
509,France,smb,2022-03-17
510,Spain,consumer,2024-10-09
511,France,consumer,2023-10-24
512,France,enterprise,2021-09-08
513,Italy,smb,2024-07-26
514,,mid-market,2024-07-06
515,Spain,smb,2021-08-30
516,Italy,mid-market,2023-09-06
517,Netherlands,mid-market,2023-10-27
518,Canada,consumer,2022-08-24
519,Australia,smb,2024-02-20
520,Spain,consumer,2024-09-30
521,UK,enterprise,2024-11-26
522,Japan,enterprise,2024-08-08
523,France,smb,2024-04-13
524,Brazil,enterprise,2022-02-13
525,Italy,mid-market,2023-09-22
526,Germany,consumer,2024-08-19
527,Netherlands,mid-market,2024-11-11
528,UK,mid-market,2023-01-01
529,Germany,smb,2021-07-17
530,Netherlands,smb,2023-07-24
531,Germany,smb,2024-08-31
532,Sweden,smb,2024-01-02
533,France,consumer,2022-11-29
534,Italy,mid-market,2024-02-29
535,Japan,smb,2020-12-25
536,Germany,consumer,2021-11-06
537,Japan,consumer,2023-07-15
538,Sweden,smb,2021-02-03
539,Australia,smb,2023-08-13
540,Germany,enterprise,2024-05-10
541,Sweden,mid-market,2021-02-22
542,Canada,enterprise,2021-01-22
543,Japan,consumer,2023-08-31
544,Germany,mid-market,2022-07-12
545,Japan,consumer,2024-03-23
546,France,enterprise,2022-05-04
547,Netherlands,consumer,2022-02-22
548,Italy,consumer,2022-01-24
549,Brazil,enterprise,2022-08-19
550,Brazil,enterprise,2022-02-01
551,USA,enterprise,2022-09-09
552,Brazil,consumer,2021-08-15
553,Canada,mid-market,2024-03-14
554,Italy,smb,2022-12-23
555,UK,smb,2023-03-31
556,Canada,consumer,2022-10-10
557,France,smb,2024-05-08
558,Italy,smb,2023-08-14
559,Brazil,consumer,2021-01-30
560,Italy,mid-market,2024-07-01
561,Canada,consumer,2022-05-14
562,Italy,enterprise,2022-03-31
563,Canada,smb,2023-01-05
564,USA,consumer,2024-10-14
565,Sweden,consumer,2024-10-13
566,Netherlands,consumer,2023-10-24
567,Germany,mid-market,2024-07-05
568,Germany,smb,2024-07-17
569,Sweden,smb,2024-04-11
570,Netherlands,smb,2024-02-26
571,Netherlands,smb,2021-07-19
572,USA,mid-market,2022-05-09
573,Netherlands,mid-market,2024-10-19
574,Canada,mid-market,2022-05-24
575,USA,smb,2024-05-16
576,Italy,mid-market,2023-03-25
577,Italy,consumer,2024-10-08
578,Australia,consumer,2024-07-23
579,UK,mid-market,2024-05-22
580,Italy,consumer,2023-03-06
581,Sweden,consumer,2023-01-22
582,USA,mid-market,2023-07-03
583,Japan,mid-market,2022-06-05
584,Japan,enterprise,2022-01-08
585,Sweden,enterprise,2021-12-27
586,,consumer,2022-08-04
587,Sweden,consumer,2022-09-23
588,Japan,enterprise,2022-12-11
589,Australia,consumer,2023-12-19
590,Italy,enterprise,2022-12-18
591,Italy,smb,2024-11-18
592,Netherlands,consumer,2021-01-12
593,Germany,smb,2023-06-07
594,Australia,enterprise,2021-11-17
595,Japan,smb,2021-01-26
596,Netherlands,consumer,2022-12-03
597,UK,mid-market,2021-06-15
598,Spain,mid-market,2022-12-29
599,Italy,mid-market,2024-05-22
600,Netherlands,smb,2024-10-25
601,,smb,2024-05-17
602,Sweden,consumer,2021-02-16
603,Canada,consumer,2023-01-04
604,Canada,consumer,2023-08-21
605,Sweden,consumer,2023-02-16
606,Spain,mid-market,2023-11-22
607,Netherlands,smb,2021-06-02
608,Italy,mid-market,2020-11-24
609,Netherlands,mid-market,2024-07-31
610,Japan,consumer,2022-01-11
611,Spain,consumer,2023-07-28
612,Brazil,consumer,2024-09-24
613,USA,smb,2021-03-18
614,Sweden,smb,2024-09-03
615,Italy,smb,2024-02-04
616,Italy,enterprise,2024-10-26
617,Brazil,mid-market,2023-01-10
618,Germany,smb,2022-07-05
619,Netherlands,enterprise,2023-08-19
620,Sweden,consumer,2024-08-19
621,Spain,mid-market,2024-06-15
622,France,mid-market,2021-03-01
623,Spain,consumer,2021-09-05
624,Germany,enterprise,2021-02-24
625,Spain,consumer,2022-10-14
626,Netherlands,consumer,2022-09-22
627,France,enterprise,2021-10-04
628,Sweden,consumer,2022-06-10
629,Germany,consumer,2023-03-02
630,Australia,consumer,2023-09-30
631,Sweden,consumer,2022-12-20
632,UK,consumer,2024-08-30
633,Brazil,smb,2024-02-24
634,France,mid-market,2021-12-14
635,,consumer,2021-06-05
636,Canada,consumer,2024-07-06
637,Japan,smb,2024-07-13
638,,consumer,2024-07-30
639,UK,smb,2021-09-26
640,Germany,consumer,2023-09-02
641,Spain,consumer,2023-08-10
642,UK,mid-market,2024-11-14
643,UK,mid-market,2021-01-03
644,Brazil,smb,2023-03-05
645,Germany,smb,2021-09-17
646,Australia,smb,2022-01-27
647,Sweden,enterprise,2024-05-08
648,Japan,smb,2021-09-12
649,Germany,smb,2022-09-16
650,Sweden,smb,2022-06-28
651,Australia,consumer,2024-02-12
652,Germany,consumer,2021-07-07
653,Japan,consumer,2021-03-04
654,Spain,consumer,2023-04-15
655,Japan,consumer,2024-07-20
656,Italy,smb,2021-07-04
657,Japan,consumer,2021-05-08
658,France,enterprise,2022-11-19
659,Spain,mid-market,2022-08-04
660,UK,smb,2024-01-10
661,Germany,consumer,2024-08-25
662,UK,consumer,2021-02-14
663,Spain,enterprise,2022-12-24
664,France,smb,2023-10-25
665,Sweden,mid-market,2022-02-17
666,Brazil,consumer,2024-10-25
667,Japan,consumer,2024-08-07
668,Sweden,smb,2023-12-12
669,France,smb,2023-02-09
670,USA,mid-market,2023-06-12
671,Italy,smb,2024-03-02
672,Italy,consumer,2023-07-05
673,Germany,consumer,2023-07-31
674,Japan,smb,2022-10-23
675,Brazil,smb,2022-08-28
676,Sweden,enterprise,2021-05-14
677,France,mid-market,2021-09-04
678,Japan,mid-market,2023-09-30
679,Germany,smb,2021-04-16
680,Italy,consumer,2022-10-29
681,Italy,smb,2024-03-02
682,Japan,mid-market,2023-07-21
683,UK,enterprise,2021-12-08
684,Germany,mid-market,2021-08-12
685,Spain,consumer,2023-06-02
686,Spain,smb,2024-04-15
687,Germany,consumer,2024-02-24
688,Germany,consumer,2024-07-03
689,Germany,enterprise,2022-02-09
690,Italy,consumer,2022-11-24
691,Spain,consumer,2023-02-08
692,Spain,smb,2022-03-21
693,Sweden,enterprise,2021-08-02
694,Germany,consumer,2021-09-20
695,,consumer,2024-05-15
696,Japan,smb,2022-07-20
697,Germany,smb,2021-05-15
698,UK,mid-market,2021-10-22
699,Germany,consumer,2023-08-06
700,UK,smb,2023-05-05
701,Spain,enterprise,2021-05-04
702,France,consumer,2024-10-15
703,USA,consumer,2022-10-22
704,Italy,consumer,2024-06-15
705,Sweden,mid-market,2021-04-27
706,UK,enterprise,2024-10-07
707,Australia,consumer,2024-10-29
708,Spain,consumer,2023-08-07
709,Australia,smb,2024-02-12
710,,consumer,2022-12-05
711,Brazil,smb,2023-09-19
712,Japan,smb,2023-06-28
713,USA,enterprise,2022-08-25
714,Canada,enterprise,2022-08-31
715,Spain,mid-market,2021-02-27
716,Italy,consumer,2022-12-27
717,Netherlands,mid-market,2022-08-26
718,Netherlands,mid-market,2022-03-12
719,USA,smb,2024-03-21
720,Australia,mid-market,2022-03-28
721,Netherlands,mid-market,2021-06-14
722,Canada,smb,2023-08-23
723,Italy,smb,2024-03-15
724,Netherlands,consumer,2023-07-13
725,Italy,consumer,2023-10-25
726,Australia,mid-market,2022-07-26
727,Japan,consumer,2021-06-12
728,Australia,consumer,2022-07-10
729,Brazil,consumer,2024-06-01
730,Japan,consumer,2023-08-28
731,Spain,consumer,2022-02-23
732,Italy,consumer,2023-08-05
733,Japan,consumer,2022-07-25
734,USA,enterprise,2022-02-16
735,Sweden,consumer,2023-08-07
736,USA,smb,2022-04-26
737,Brazil,consumer,2023-04-27
738,Italy,smb,2024-05-18
739,Italy,enterprise,2023-06-04
740,Italy,smb,2023-02-23
741,Italy,smb,2024-11-29
742,Spain,smb,2021-04-30
743,Italy,mid-market,2022-10-19
744,Brazil,mid-market,2024-10-10
745,Japan,smb,2021-06-06
746,Brazil,smb,2021-06-24
747,Netherlands,consumer,2024-11-15
748,Australia,mid-market,2024-04-07
749,Canada,mid-market,2023-06-17
750,France,mid-market,2022-11-18
751,Sweden,smb,2022-01-01
752,Germany,smb,2023-03-20
753,Germany,consumer,2022-06-17
754,Japan,consumer,2024-11-18
755,USA,mid-market,2022-04-09
756,Australia,consumer,2021-03-28
757,Japan,enterprise,2022-10-21
758,Canada,mid-market,2023-02-03
759,Sweden,smb,2023-09-23
760,Australia,enterprise,2021-01-30
761,France,consumer,2024-10-15
762,Australia,consumer,2023-10-08
763,France,consumer,2024-05-13
764,UK,smb,2021-06-08
765,France,consumer,2022-12-24
766,Spain,smb,2021-03-18
767,Sweden,enterprise,2022-03-31
768,UK,enterprise,2022-09-06
769,Japan,consumer,2022-11-03
770,Netherlands,consumer,2024-02-09
771,Netherlands,enterprise,2022-08-29
772,Canada,smb,2022-03-01
773,Italy,consumer,2021-01-13
774,Spain,consumer,2022-09-18
775,Canada,smb,2021-02-21
776,Brazil,consumer,2021-02-13
777,Netherlands,consumer,2022-10-26
778,UK,consumer,2023-02-26
779,Germany,mid-market,2024-05-07
780,Germany,consumer,2023-11-04
781,Germany,enterprise,2021-05-20
782,Germany,consumer,2024-05-13
783,Sweden,enterprise,2023-04-29
784,USA,mid-market,2022-02-10
785,Netherlands,enterprise,2023-12-15
786,Canada,smb,2021-01-01
787,Japan,mid-market,2022-04-23
788,Spain,mid-market,2024-10-22
789,USA,smb,2023-12-05
790,Australia,smb,2021-12-10
791,USA,consumer,2021-06-13
792,Sweden,consumer,2021-03-11
793,Sweden,consumer,2021-06-30
794,Germany,mid-market,2024-08-15
795,Sweden,mid-market,2021-12-26
796,Germany,consumer,2024-06-24
797,Germany,enterprise,2024-08-12
798,Japan,smb,2022-02-19
799,Canada,consumer,2022-12-31
800,UK,consumer,2022-04-25
801,Canada,smb,2021-06-30
802,Australia,consumer,2024-08-23
803,Japan,smb,2022-10-19
804,France,consumer,2021-07-25
805,UK,enterprise,2023-02-24
806,Sweden,mid-market,2022-10-25
807,Canada,consumer,2022-12-02
808,Japan,mid-market,2021-04-09
809,Italy,consumer,2024-09-20
810,Germany,smb,2021-05-22
811,Canada,consumer,2021-08-20
812,UK,consumer,2021-08-26
813,Spain,smb,2023-04-06
814,Canada,consumer,2022-11-05
815,Brazil,mid-market,2023-06-09
816,UK,smb,2023-11-28
817,USA,mid-market,2021-05-26
818,Italy,consumer,2022-11-20
819,Canada,consumer,2022-01-04
820,Italy,consumer,2024-07-07
821,Sweden,consumer,2021-09-30
822,UK,consumer,2022-04-09
823,Japan,mid-market,2020-11-27
824,Japan,consumer,2024-05-20
825,Netherlands,smb,2022-10-01
826,Japan,smb,2022-11-12
827,Brazil,smb,2022-10-03
828,Spain,smb,2024-09-14
829,Sweden,mid-market,2023-01-07
830,Australia,mid-market,2023-09-19
831,Australia,enterprise,2022-06-09
832,Germany,smb,2023-12-27
833,Sweden,consumer,2023-03-04
834,USA,consumer,2022-06-05
835,Brazil,smb,2024-08-30
836,Brazil,smb,2021-10-03
837,Spain,smb,2022-01-15
838,Canada,mid-market,2024-09-09
839,Australia,consumer,2024-08-29
840,,mid-market,2021-07-02
841,Germany,consumer,2023-10-13
842,Germany,consumer,2021-06-16
843,Australia,smb,2022-11-30
844,Brazil,consumer,2023-07-18
845,Sweden,mid-market,2023-10-27
846,Japan,consumer,2022-04-09
847,Japan,consumer,2024-06-24
848,France,consumer,2023-04-21
849,France,consumer,2023-07-13
850,Spain,consumer,2024-04-20
851,,consumer,2023-07-03
852,Sweden,smb,2022-10-17
853,France,consumer,2022-03-12
854,Spain,consumer,2024-07-29
855,Germany,smb,2021-05-30
856,,consumer,2021-05-21
857,Germany,smb,2022-02-19
858,Germany,smb,2021-03-15
859,Brazil,enterprise,2023-03-14
860,Spain,mid-market,2021-08-13
861,Italy,consumer,2021-12-29
862,Italy,smb,2022-08-29
863,Sweden,smb,2024-03-14
864,Australia,mid-market,2022-09-05
865,Brazil,smb,2021-04-18
866,Netherlands,consumer,2020-12-16
867,Sweden,consumer,2023-02-13
868,Sweden,enterprise,2023-12-04
869,France,smb,2021-11-30
870,Canada,smb,2024-08-13
871,France,consumer,2024-04-24
872,Spain,smb,2022-08-29
873,Netherlands,smb,2020-12-08
874,Spain,smb,2023-08-07
875,Germany,smb,2023-02-20
876,Canada,smb,2023-08-17
877,USA,smb,2023-02-24
878,Germany,consumer,2024-11-22
879,Canada,consumer,2022-07-12
880,Sweden,smb,2022-07-10
881,France,consumer,2023-08-27
882,Japan,consumer,2023-11-10
883,Canada,mid-market,2021-11-09
884,France,smb,2024-03-01
885,Spain,mid-market,2024-09-24
886,Italy,consumer,2024-10-04
887,France,mid-market,2021-05-16
888,Germany,consumer,2023-06-16
889,Germany,mid-market,2024-07-06
890,Germany,smb,2021-05-20
891,Spain,consumer,2024-04-28
892,Italy,smb,2023-07-27
893,Germany,consumer,2024-11-02
894,UK,consumer,2022-03-10
895,Germany,consumer,2022-02-09
896,Japan,mid-market,2021-11-16
897,Germany,consumer,2023-11-12
898,Australia,enterprise,2023-08-08
899,Brazil,smb,2021-02-22
900,Japan,consumer,2021-08-13
901,Netherlands,consumer,2024-10-09
902,UK,smb,2022-02-19
903,Netherlands,smb,2021-08-26
904,UK,consumer,2022-09-02
905,France,consumer,2022-05-07
906,UK,smb,2024-12-01
907,UK,consumer,2024-10-19
908,France,mid-market,2024-10-12
909,USA,mid-market,2024-04-13
910,Canada,consumer,2020-12-07
911,Brazil,consumer,2022-05-15
912,Spain,mid-market,2021-10-10
913,Canada,mid-market,2023-09-25
914,Germany,mid-market,2021-02-23
915,Spain,consumer,2024-02-14
916,Australia,mid-market,2021-04-16
917,Netherlands,smb,2024-10-18
918,Spain,consumer,2024-11-02
919,UK,enterprise,2024-08-09
920,USA,smb,2021-09-25
921,France,smb,2023-11-20
922,France,consumer,2023-02-08
923,Japan,smb,2023-01-10
924,Netherlands,smb,2021-09-29
925,Italy,mid-market,2023-07-09
926,Japan,consumer,2024-11-23
927,France,consumer,2023-05-14
928,Germany,mid-market,2023-10-06
929,Spain,smb,2021-12-24
930,Canada,consumer,2021-11-24
931,Netherlands,enterprise,2024-07-20
932,Australia,mid-market,2021-09-24
933,Germany,smb,2024-08-21
934,Australia,mid-market,2022-06-06
935,USA,mid-market,2023-05-10
936,Germany,smb,2023-09-17
937,Brazil,mid-market,2022-12-23
938,USA,smb,2023-09-03
939,Australia,consumer,2021-09-23
940,Australia,smb,2021-01-11
941,Brazil,enterprise,2021-08-21
942,UK,consumer,2023-02-26
943,France,mid-market,2022-11-24
944,Netherlands,consumer,2023-02-14
945,Brazil,smb,2021-09-23
946,Japan,consumer,2022-09-13
947,Netherlands,mid-market,2023-01-14
948,France,mid-market,2023-04-11
949,France,smb,2023-05-31
950,Japan,enterprise,2022-09-12
951,France,mid-market,2022-02-24
952,Canada,consumer,2023-03-08
953,France,consumer,2021-09-04
954,Sweden,enterprise,2021-08-05
955,Canada,consumer,2023-03-13
956,Italy,consumer,2021-04-06
957,USA,consumer,2024-03-23
958,,consumer,2021-03-03
959,Germany,consumer,2023-09-27
960,Brazil,smb,2022-08-26
961,Canada,consumer,2023-10-13
962,Sweden,consumer,2023-02-22
963,USA,enterprise,2023-07-22
964,Japan,mid-market,2022-01-31
965,France,enterprise,2024-08-05
966,,consumer,2021-07-19
967,Netherlands,smb,2021-04-14
968,UK,consumer,2022-08-28
969,Italy,consumer,2022-09-20
970,France,consumer,2022-02-08
971,Canada,mid-market,2024-02-14
972,Germany,consumer,2021-11-26
973,UK,consumer,2024-01-16
974,Brazil,enterprise,2022-03-14
975,Sweden,consumer,2023-09-10
976,Brazil,smb,2021-12-02
977,Brazil,consumer,2021-09-27
978,,smb,2024-01-31
979,Australia,mid-market,2022-06-09
980,Spain,mid-market,2022-12-01
981,Japan,enterprise,2023-09-27
982,Japan,enterprise,2022-07-22
983,Canada,consumer,2020-12-04
984,Australia,smb,2024-11-29
985,Japan,mid-market,2021-01-26
986,Germany,consumer,2021-06-23
987,Japan,consumer,2022-10-16
988,Sweden,smb,2022-06-20
989,UK,consumer,2023-06-09
990,Sweden,smb,2024-05-27
991,UK,consumer,2022-08-15
992,Brazil,enterprise,2021-08-20
993,Japan,consumer,2023-12-29
994,Germany,consumer,2022-01-13
995,Spain,consumer,2021-11-29
996,Japan,smb,2021-11-14
997,Italy,consumer,2023-07-22
998,Canada,smb,2023-05-06
999,USA,consumer,2023-04-01
1000,Sweden,consumer,2021-06-26
1001,Japan,consumer,2021-04-19
1002,Canada,smb,2023-04-04
1003,France,enterprise,2021-01-07
1004,Canada,smb,2022-08-17
1005,Spain,enterprise,2023-05-16
1006,Spain,mid-market,2024-12-02
1007,Spain,mid-market,2022-06-18
1008,Netherlands,consumer,2022-04-30
1009,Netherlands,mid-market,2021-01-09
1010,,mid-market,2022-01-12
1011,USA,enterprise,2024-10-20
1012,,consumer,2022-08-22
1013,Germany,consumer,2021-12-07
1014,France,enterprise,2022-12-04
1015,Netherlands,enterprise,2023-03-12
1016,Spain,smb,2021-08-30
1017,Netherlands,mid-market,2022-06-18
1018,Australia,smb,2022-03-07
1019,France,smb,2023-01-20
1020,UK,consumer,2023-10-21
1021,Brazil,mid-market,2022-10-31
1022,Japan,consumer,2021-01-23
1023,Netherlands,enterprise,2022-07-01
1024,Spain,consumer,2022-01-28
1025,Netherlands,consumer,2024-06-03
1026,Canada,consumer,2020-12-11
1027,Italy,smb,2023-12-09
1028,Australia,mid-market,2021-01-05
1029,Japan,consumer,2023-02-16
1030,UK,consumer,2021-03-23
1031,Germany,mid-market,2021-05-02
1032,Japan,smb,2021-11-18
1033,Germany,smb,2021-03-26
1034,Spain,consumer,2022-06-21
1035,Germany,consumer,2021-07-04
1036,Netherlands,consumer,2024-03-24
1037,UK,consumer,2024-08-21
1038,Netherlands,mid-market,2022-09-26
1039,Canada,smb,2021-08-30
1040,Japan,enterprise,2021-11-03
1041,Canada,consumer,2022-10-18
1042,USA,smb,2022-10-29
1043,Italy,smb,2022-06-20
1044,Germany,mid-market,2021-06-05
1045,Canada,mid-market,2021-07-14
1046,Sweden,smb,2024-06-24
1047,UK,mid-market,2022-07-11
1048,Brazil,enterprise,2023-05-23
1049,Netherlands,consumer,2021-09-14
1050,Italy,smb,2022-11-20
1051,Italy,smb,2020-12-06
1052,USA,smb,2023-03-08
1053,Italy,consumer,2022-03-10
1054,Spain,mid-market,2024-06-26
1055,Japan,consumer,2021-03-03
1056,Australia,consumer,2024-04-21
1057,Japan,consumer,2023-05-26
1058,USA,smb,2021-07-20
1059,Australia,consumer,2021-01-10
1060,Spain,smb,2022-12-21
1061,Spain,smb,2022-12-21
1062,Canada,smb,2024-09-22
1063,Australia,mid-market,2020-12-25
1064,USA,enterprise,2024-11-08
1065,Spain,smb,2024-10-25
1066,Sweden,mid-market,2023-01-06
1067,Brazil,smb,2024-11-27
1068,UK,smb,2024-04-05
1069,Brazil,consumer,2022-05-25
1070,Australia,enterprise,2022-01-31
1071,Germany,consumer,2023-09-21
1072,Sweden,smb,2021-09-20
1073,Sweden,enterprise,2022-06-23
1074,Australia,mid-market,2024-01-02
1075,UK,enterprise,2022-01-20
1076,Germany,mid-market,2022-07-16
1077,Brazil,mid-market,2021-08-27
1078,Brazil,smb,2024-04-19
1079,Spain,smb,2023-12-29
1080,Japan,enterprise,2023-09-13
1081,Japan,mid-market,2023-07-20
1082,Germany,enterprise,2021-05-06
1083,Japan,smb,2021-12-22
1084,Germany,mid-market,2022-09-25
1085,Spain,smb,2022-09-30
1086,USA,mid-market,2021-05-10
1087,Spain,enterprise,2023-02-15
1088,Canada,consumer,2024-01-06
1089,Italy,enterprise,2024-05-15
1090,Sweden,mid-market,2023-08-05
1091,France,mid-market,2022-04-17
1092,Netherlands,consumer,2023-01-10
1093,Spain,consumer,2023-03-23
1094,Sweden,consumer,2022-12-28
1095,Canada,consumer,2020-12-30
1096,Brazil,enterprise,2020-11-27
1097,France,consumer,2024-04-09
1098,Italy,mid-market,2024-06-17
1099,France,consumer,2023-12-09
1100,Italy,smb,2021-06-29
1101,USA,smb,2023-01-27
1102,Netherlands,consumer,2021-06-12
1103,UK,mid-market,2022-04-27
1104,Germany,consumer,2022-09-11
1105,USA,smb,2023-10-16
1106,Australia,consumer,2023-07-16
1107,Australia,consumer,2024-04-29
1108,Japan,enterprise,2022-10-31
1109,USA,consumer,2023-10-17
1110,Spain,smb,2023-09-30
1111,Canada,consumer,2024-10-05
1112,Brazil,mid-market,2021-09-15
1113,France,smb,2021-02-21
1114,France,consumer,2022-12-01
1115,UK,smb,2022-10-07
1116,Canada,mid-market,2021-03-13
1117,Germany,mid-market,2022-11-12
1118,Australia,consumer,2022-06-01
1119,,enterprise,2023-03-14
1120,Canada,consumer,2022-11-07
1121,Japan,consumer,2022-10-27
1122,UK,enterprise,2022-01-22
1123,Japan,mid-market,2022-06-28
1124,Germany,consumer,2022-11-23
1125,UK,enterprise,2024-08-13
1126,Germany,smb,2021-04-13
1127,France,consumer,2021-05-07
1128,France,smb,2024-03-06
1129,Germany,smb,2023-09-28
1130,France,consumer,2021-01-02
1131,Spain,smb,2023-08-19
1132,USA,mid-market,2021-08-27
1133,USA,smb,2021-10-04
1134,Canada,consumer,2021-06-16
1135,France,consumer,2024-11-09
1136,USA,smb,2022-12-24
1137,USA,mid-market,2022-08-24
1138,France,enterprise,2021-07-21
1139,Brazil,mid-market,2024-01-08
1140,Japan,enterprise,2023-09-09
1141,Sweden,consumer,2024-03-13
1142,Brazil,mid-market,2021-11-08
1143,France,consumer,2020-11-25
1144,Japan,mid-market,2024-05-10
1145,USA,mid-market,2023-12-26
1146,Netherlands,smb,2023-09-08
1147,Spain,mid-market,2021-05-06
1148,Australia,consumer,2023-02-16
1149,UK,consumer,2023-10-15
1150,Netherlands,consumer,2023-08-17
1151,Italy,mid-market,2022-07-07
1152,Brazil,consumer,2023-05-14
1153,Canada,mid-market,2024-05-10
1154,Sweden,consumer,2021-08-15
1155,Spain,smb,2023-03-23
1156,,mid-market,2023-11-21
1157,Sweden,mid-market,2021-12-28
1158,Spain,enterprise,2021-12-03
1159,Germany,mid-market,2024-04-19
1160,Italy,consumer,2024-08-16
1161,USA,consumer,2024-09-27
1162,Germany,consumer,2021-11-03
1163,Italy,enterprise,2022-05-28
1164,Japan,smb,2021-09-25
1165,,mid-market,2022-05-27
1166,UK,smb,2023-04-22
1167,Italy,mid-market,2022-07-20
1168,France,mid-market,2022-01-05
1169,Japan,smb,2023-04-26
1170,Germany,mid-market,2021-03-28
1171,Japan,smb,2021-04-20
1172,Australia,consumer,2021-09-12
1173,Sweden,mid-market,2020-12-05
1174,UK,consumer,2023-05-09
1175,Canada,smb,2024-06-18
1176,Sweden,consumer,2022-12-22
1177,Netherlands,consumer,2021-12-02
1178,Australia,consumer,2021-10-14
1179,Australia,consumer,2023-05-11
1180,USA,consumer,2023-09-29
1181,Australia,consumer,2023-02-17
1182,Japan,mid-market,2021-09-08
1183,Germany,enterprise,2024-09-04
1184,UK,consumer,2023-08-08
1185,Japan,enterprise,2023-12-31
1186,Germany,mid-market,2021-09-05
1187,Italy,enterprise,2023-01-12
1188,Sweden,smb,2024-07-28
1189,Netherlands,mid-market,2023-11-14
1190,Australia,consumer,2024-09-28
1191,France,consumer,2023-01-03
1192,UK,consumer,2020-11-27
1193,Canada,mid-market,2022-08-22
1194,Brazil,smb,2021-06-03
1195,Germany,smb,2021-12-07
1196,UK,smb,2021-05-15
1197,Spain,consumer,2023-09-02
1198,Brazil,mid-market,2021-02-03
1199,UK,consumer,2023-12-18
1200,Netherlands,enterprise,2023-02-27
